<?xml version="1.0" encoding="utf-8"?>
<English>
  <lblTitle>Scyrox v6 Update Tool </lblTitle>
  <lblCurrent>Current FW Version:  v</lblCurrent>
  <lblNew>New FW Version:  v</lblNew>
  <lblTool>Tool Version:  v</lblTool>
  <btnUpgrade>Upgrade</btnUpgrade>
  <Upgrade>Upgrade</Upgrade>
  <Upgrading>Upgrading</Upgrading>
  <Success>Success</Success>
  <Fail>Fail</Fail>
  <MultiDevices>Multiple devices are detected,reserve the devices that need to be upgraded</MultiDevices>
  <ProgramRuning>The program is running</ProgramRuning>
</English>